{"0": {"words": {"eye": 0.014492753623188406, "dyer": 0.01177536231884058, "dominance": 0.009963768115942028, "work": 0.009057971014492754, "nosebleed": 0.008152173913043478, "steve": 0.006340579710144928, "right": 0.006340579710144928, "seems": 0.006340579710144928, "vasomotor": 0.006340579710144928, "rhinitis": 0.006340579710144928}}, "1": {"words": {"drive": 0.0077142001198322345, "thanks": 0.005831122143285115, "know": 0.0057562269964906276, "like": 0.005574338782846871, "card": 0.005424548489257896, "get": 0.005403149875888042, "new": 0.005092869982025165, "anyone": 0.0049430796884361895, "sale": 0.004878883848326628, "doe": 0.00477189078147736}}, "2": {"words": {"rule": 0.03255813953488372, "guideline": 0.023255813953488372, "lewb": 0.023255813953488372, "part": 0.020930232558139535, "code": 0.018604651162790697, "international": 0.018604651162790697, "contest": 0.018604651162790697, "obfuscated": 0.018604651162790697, "see": 0.013953488372093023, "orphaic": 0.013953488372093023}}, "3": {"words": {}}, "4": {"words": {"window": 0.01758418966907413, "file": 0.011356813230172754, "thanks": 0.008165926129248083, "know": 0.0073596267005198055, "program": 0.006827812183699027, "anyone": 0.00590142560601122, "help": 0.005798493764045907, "doe": 0.005609785387109502, "get": 0.005352455782196223, "driver": 0.0051809027122540355}}, "5": {"words": {"element": 0.054901960784313725, "space": 0.03529411764705882, "shuttle": 0.03137254901960784, "caste": 0.027450980392156862, "also": 0.023529411764705882, "set": 0.023529411764705882, "current": 0.023529411764705882, "orbital": 0.023529411764705882, "bit": 0.01568627450980392, "line": 0.01568627450980392}}, "6": {"words": {"convenient": 0.05426356589147287, "christianity": 0.031007751937984496, "take": 0.01808785529715762, "bit": 0.015503875968992248, "globe": 0.015503875968992248, "must": 0.012919896640826873, "ten": 0.012919896640826873, "speaking": 0.012919896640826873, "christian": 0.012919896640826873, "commandment": 0.012919896640826873}}, "7": {"words": {"weight": 0.018210609659540775, "persian": 0.01741884402216944, "spss": 0.011876484560570071, "file": 0.011084718923198733, "obesity": 0.010292953285827395, "time": 0.009501187648456057, "rebound": 0.00870942201108472, "teenager": 0.00791765637371338, "like": 0.007125890736342043, "know": 0.007125890736342043}}, "8": {"words": {"clementine": 0.0374331550802139, "sure": 0.026737967914438502, "gyro": 0.0213903743315508, "souvlaki": 0.0213903743315508, "sauce": 0.0213903743315508, "darling": 0.0213903743315508, "duke": 0.01871657754010695, "anyone": 0.013368983957219251, "used": 0.013368983957219251, "gritz": 0.013368983957219251}}, "9": {"words": {"jewish": 0.020161290322580645, "captain": 0.01935483870967742, "come": 0.013306451612903225, "player": 0.011693548387096775, "baseball": 0.010483870967741936, "traded": 0.008467741935483872, "team": 0.008064516129032258, "wave": 0.008064516129032258, "thanks": 0.007661290322580645, "know": 0.007661290322580645}}, "10": {"words": {"order": 0.044, "golden": 0.02, "dawn": 0.02, "rosicrucian": 0.02, "say": 0.016, "point": 0.016, "ein": 0.016, "lied": 0.016, "crucis": 0.016, "speed": 0.016}}, "11": {"words": {"game": 0.01425243670692086, "team": 0.009225770857598235, "year": 0.007693250781585239, "win": 0.005609023478207564, "player": 0.005455771470606265, "like": 0.0050573162508428865, "time": 0.004965365046282106, "last": 0.004658861031079507, "get": 0.004566909826518728, "think": 0.004566909826518728}}, "12": {"words": {}}, "13": {"words": {"stove": 0.03735144312393888, "electric": 0.027164685908319185, "ever": 0.015280135823429542, "hear": 0.015280135823429542, "balloon": 0.013582342954159592, "else": 0.013582342954159592, "burn": 0.013582342954159592, "especially": 0.013582342954159592, "survivor": 0.013582342954159592, "eat": 0.013582342954159592}}, "14": {"words": {"jupiter": 0.02702702702702703, "comet": 0.020452885317750184, "must": 0.017531044558071585, "orbit": 0.013148283418553688, "temporary": 0.01241782322863404, "law": 0.01168736303871439, "chimp": 0.01168736303871439, "gehrels": 0.01168736303871439, "radius": 0.010226442658875092, "around": 0.009495982468955442}}, "15": {"words": {"book": 0.019262981574539362, "soon": 0.01340033500837521, "bank": 0.011725293132328308, "gordon": 0.011725293132328308, "njxp": 0.011725293132328308, "skepticism": 0.011725293132328308, "chastity": 0.011725293132328308, "intellect": 0.011725293132328308, "shameful": 0.011725293132328308, "surrender": 0.011725293132328308}}, "16": {"words": {"zionism": 0.0990990990990991, "racism": 0.06756756756756757, "mcgill": 0.036036036036036036, "steve": 0.03153153153153153, "article": 0.02702702702702703, "mail": 0.02252252252252252, "know": 0.018018018018018018, "enough": 0.018018018018018018, "want": 0.018018018018018018, "wrong": 0.018018018018018018}}, "17": {"words": {"sale": 0.01652173913043478, "new": 0.01217391304347826, "blood": 0.010434782608695653, "shadow": 0.009565217391304347, "experience": 0.00782608695652174, "year": 0.006956521739130435, "sell": 0.006956521739130435, "fear": 0.006956521739130435, "washed": 0.006956521739130435, "car": 0.00608695652173913}}, "18": {"words": {"ink": 0.027829313543599257, "deskjet": 0.02040816326530612, "rain": 0.016697588126159554, "holocaust": 0.016697588126159554, "keefe": 0.016697588126159554, "fast": 0.012987012987012988, "wrote": 0.011131725417439703, "dangerous": 0.011131725417439703, "mistake": 0.011131725417439703, "picture": 0.011131725417439703}}, "19": {"words": {"people": 0.004706877636348622, "like": 0.003958630708121344, "get": 0.003576923660275672, "max": 0.0035710253173729793, "know": 0.003560913872396935, "time": 0.0035508024274208904, "think": 0.003392389789462863, "also": 0.0028640667894645486, "say": 0.0028455291403418005, "year": 0.0027393589680933354}}}