{"0": {"words": {"company": 0.010365838242358354, "business": 0.008122385302817812, "service": 0.006398711483177449, "release": 0.006283452880052231, "technology": 0.006088628660576055, "content": 0.0053361015227520485, "data": 0.004875067110251175, "www": 0.004678755682992738, "global": 0.0043954426004720396, "contact": 0.004321825815250126}}, "1": {"words": {"court": 0.013025636068660156, "case": 0.008535836563609064, "charge": 0.005493207908198292, "trial": 0.004969260663205173, "woman": 0.00473749364288327, "law": 0.004595248007188073, "prosecutor": 0.004345357025561376, "lawyer": 0.004337668072280554, "statement": 0.004160822146821661, "medium": 0.00415478082638673}}, "2": {"words": {"trump": 0.03035355481979477, "iran": 0.017733028357680838, "israel": 0.008550586362028004, "house": 0.007240275741798514, "israeli": 0.006507323206793712, "donald": 0.005779109589041096, "palestinian": 0.005754625183238134, "united": 0.005602979831168174, "iranian": 0.005341549562755902, "white": 0.004971124197543345}}, "3": {"words": {"climate": 0.007287131447806473, "health": 0.0056361846426615575, "million": 0.004971309178332769, "change": 0.004251027425309914, "water": 0.00384551763124465, "percent": 0.0036784957754712345, "afp": 0.003399858352618469, "food": 0.0033075145381283597, "city": 0.0032745919607884075, "global": 0.003077859486439913}}, "4": {"words": {"migrant": 0.006601212345241158, "map": 0.0056238099876534265, "fire": 0.005491436073806366, "plane": 0.005184228688840546, "flight": 0.004653067952774982, "island": 0.004251783509540496, "boeing": 0.004221812057348708, "air": 0.004173524717706384, "afp": 0.00416852947567442, "airline": 0.004102758788920221}}, "5": {"words": {"league": 0.010449048652399585, "cup": 0.007819744297201846, "match": 0.007148107136833072, "england": 0.00713543473758083, "team": 0.007127132131174189, "game": 0.006993853449383378, "win": 0.0068950961310728105, "final": 0.00581138750536392, "goal": 0.005690781222825351, "club": 0.005671991113589269}}, "6": {"words": {"percent": 0.03272764119819157, "market": 0.012663207555604565, "trade": 0.01156586864716173, "billion": 0.008522407231350155, "china": 0.007917410494756198, "economy": 0.007705810650922844, "bank": 0.007221813261647677, "stock": 0.006659732549718513, "dollar": 0.005967115596100602, "growth": 0.005946253639666328}}, "7": {"words": {"protest": 0.010830690712891448, "government": 0.009215125516364792, "military": 0.006743545845411568, "protester": 0.006204483700057716, "leader": 0.005921577401217875, "sudan": 0.005890773850054798, "african": 0.0056913613872622455, "power": 0.005607056931447508, "force": 0.005384947115166371, "group": 0.005206610766327504}}, "8": {"words": {"woman": 0.0060588429077658, "film": 0.004296147414843385, "family": 0.003930805744919695, "life": 0.0037267972910591733, "show": 0.0034592964102318565, "star": 0.0030736579808679624, "work": 0.0029674903161038134, "young": 0.0027437055325323224, "afp": 0.0026838561136701797, "child": 0.0026406604461435895}}, "9": {"words": {"final": 0.012980144255590367, "open": 0.011273226276783057, "round": 0.007982153878235367, "match": 0.007622271663984367, "win": 0.007617226586214493, "set": 0.007263230296028347, "champion": 0.006873077615158104, "title": 0.006561123639720906, "cup": 0.005837154979744013, "back": 0.005388983904520222}}, "10": {"words": {"party": 0.01637950385340072, "election": 0.013236924625713372, "minister": 0.012004040459007027, "vote": 0.011365774908794915, "brexit": 0.011136203374304767, "european": 0.010898129190389058, "deal": 0.010194109817952608, "government": 0.008650028682270728, "parliament": 0.008119463358115721, "britain": 0.007566791145454257}}, "11": {"words": {"game": 0.01302540559521606, "team": 0.011304253063046077, "point": 0.009897059510362375, "cup": 0.00783254137252833, "season": 0.007801404944810682, "final": 0.00637172397210868, "win": 0.006361345162869464, "league": 0.006344912048240705, "minute": 0.006163282886554425, "football": 0.0059228404725125885}}, "12": {"words": {"venezuela": 0.010182283105805155, "maduro": 0.009949918458212376, "government": 0.009224983589916016, "india": 0.008095284496780625, "brazil": 0.006630423492601274, "guaido": 0.006491218865011131, "leader": 0.006213880414658462, "pakistan": 0.006121791199483443, "opposition": 0.005885143332580201, "mexico": 0.005640999831883642}}, "13": {"words": {"china": 0.021222880705854173, "trump": 0.011816292776711474, "chinese": 0.01129518803465832, "russia": 0.009719736275687065, "north": 0.009118523817076053, "trade": 0.008453387018989575, "korea": 0.007721898374865273, "talk": 0.007227496204998074, "russian": 0.007153861839273172, "beijing": 0.006708009800653161}}, "14": {"words": {"police": 0.019058955224384444, "attack": 0.012559236426511723, "city": 0.009553445620639764, "hong": 0.008688571851025662, "kong": 0.008603502299916079, "protest": 0.008561642679528823, "killed": 0.007903366391180854, "protester": 0.007699469530584866, "group": 0.006382241798721391, "violence": 0.005971072301691737}}, "15": {"words": {"video": 0.04533644075657534, "picture": 0.03560308043883394, "gmt": 0.021397792338114632, "live": 0.01666866941570324, "edit": 0.013590760370023696, "america": 0.009156779410896642, "graphic": 0.008766770387985193, "africa": 0.008621307563223626, "north": 0.006764021351412887, "europe": 0.005201350063666337}}, "16": {"words": {"word": 0.02632188384896365, "moved": 0.01818177716890308, "syria": 0.013144776000445127, "wrap": 0.012877098374535136, "politics": 0.01144622612142639, "saudi": 0.008980734729968916, "force": 0.007855135274948532, "turkey": 0.007562644835400817, "focus": 0.006788184288526404, "attack": 0.00646110629057459}}}