{"0": {"words": {"god": 0.034412000866672614, "christian": 0.01753737525649686, "jesus": 0.01565108780158295, "bible": 0.009839283210767132, "church": 0.00876868762824843, "christ": 0.006946126100865398, "faith": 0.006627496463211022, "life": 0.005531410509679968, "religion": 0.005403958654618218, "truth": 0.0052127808720255926}}, "1": {"words": {"team": 0.017791683637575443, "game": 0.0175880327322546, "hockey": 0.012070944569926315, "player": 0.010330655015366386, "play": 0.009997408079386826, "nhl": 0.007757248120857555, "season": 0.007238863998222683, "year": 0.006627911282260155, "goal": 0.0062576369089495315, "playoff": 0.006109527159625283}}, "2": {"words": {"file": 0.014655710422300811, "image": 0.01034949032660703, "mail": 0.008165175785313086, "ftp": 0.008113168296234657, "program": 0.00792594133555232, "graphic": 0.007551487414187643, "software": 0.007499479925109216, "system": 0.0072498439775327645, "information": 0.006885791553983773, "version": 0.006667360099854379}}, "3": {"words": {"max": 0.1627915386006147, "bhj": 0.01565720484541674, "giz": 0.01330681612728259, "chz": 0.009003796781775448, "bxn": 0.00799132164165612, "rlk": 0.005821732055686132, "qax": 0.004773097089133972, "okz": 0.004736937262701139, "fij": 0.004303019345507142, "uww": 0.003941421081178811}}, "4": {"words": {"game": 0.014852172303706102, "year": 0.014528293156896313, "team": 0.01105815944107713, "run": 0.009485032156572433, "baseball": 0.009184287234534771, "player": 0.009068616110674131, "win": 0.006477582936195808, "hit": 0.006223106463702401, "season": 0.00613056956461389, "fan": 0.005320871697589414}}, "5": {"words": {"drive": 0.018691790272507763, "card": 0.013485253535701966, "window": 0.011631165919282512, "scsi": 0.010553208002759572, "problem": 0.010111245256985167, "system": 0.009820196619523974, "disk": 0.009108744394618834, "mac": 0.008537426698861676, "driver": 0.008440410486374611, "bit": 0.006909710244912039}}, "6": {"words": {"car": 0.022563767168083716, "bike": 0.010435920038672618, "dod": 0.007336423351437427, "engine": 0.005374356641169278, "road": 0.004194273040065971, "ride": 0.00412318366650553, "speed": 0.00412318366650553, "motorcycle": 0.004066312167657179, "drive": 0.003554468678022009, "back": 0.003440725680325305}}, "7": {"words": {"president": 0.009776573417284344, "state": 0.007624664594458171, "year": 0.007159746021625355, "american": 0.006097074998007492, "tax": 0.006017374671236152, "government": 0.005871257405488696, "program": 0.005871257405488696, "national": 0.005114104301160968, "clinton": 0.004928136872027842, "job": 0.0047288860550994925}}, "8": {"words": {"persian": 0.0033281004709576137, "vote": 0.003076923076923077, "_lw": 0.002323390894819466, "umu": 0.002260596546310832, "magi": 0.002197802197802198, "rlk": 0.002009419152276295, "ydw": 0.0019466248037676608, "ashok": 0.0015698587127158557, "anania": 0.0015070643642072213, "diabetes": 0.001444270015698587}}, "9": {"words": {"space": 0.02826111897204482, "nasa": 0.015067497801063139, "launch": 0.007533748900531569, "satellite": 0.006635052965696585, "earth": 0.006577689395387969, "orbit": 0.006539447015182225, "gov": 0.006405598684462121, "moon": 0.006176144403227657, "mission": 0.00564075108034724, "year": 0.005086236567363953}}, "10": {"words": {"sale": 0.018848895064772064, "mail": 0.00977184096104711, "price": 0.00977184096104711, "offer": 0.008875341790308845, "printer": 0.007328880720785334, "shipping": 0.006297906674436326, "game": 0.0059393070061410196, "sell": 0.005692769734187996, "interested": 0.005378995024429603, "email": 0.005334170065892689}}, "11": {"words": {"window": 0.021820760342299076, "file": 0.01614800728433063, "program": 0.010346328020499267, "widget": 0.00897648708320575, "entry": 0.008509129586952668, "server": 0.007123172873926286, "motif": 0.0067847415835361235, "set": 0.005995068572625743, "output": 0.005898373918228554, "application": 0.0058661423667628245}}, "12": {"words": {"thing": 0.010996886828372417, "question": 0.007892673968061995, "point": 0.007547761428027503, "problem": 0.006987838473426057, "reason": 0.004815337409572443, "year": 0.004725749736836211, "case": 0.00469439405137853, "read": 0.0044121928822594015, "fact": 0.0042733319895182425, "find": 0.004165826782234765}}, "13": {"words": {"atheist": 0.010716934191325982, "morality": 0.008779274214769275, "moral": 0.008468291749395977, "god": 0.007894170274860656, "atheism": 0.0077506399062268255, "objective": 0.007032988063057675, "religion": 0.0067220055976843765, "homosexual": 0.006267492763677248, "men": 0.006219649307465971, "islam": 0.006147884123149056}}, "14": {"words": {"food": 0.008975699934324146, "disease": 0.008489212133005766, "msg": 0.007735156040962273, "patient": 0.006859477998589185, "medical": 0.006640558487995913, "doctor": 0.006300017027073046, "health": 0.0059594755661501785, "study": 0.005229743864172606, "treatment": 0.004475687772129114, "effect": 0.0041594707012721655}}, "15": {"words": {"key": 0.034551201940748365, "chip": 0.016007498345953098, "encryption": 0.01595236344923914, "clipper": 0.014206425053297066, "government": 0.010071307799750056, "system": 0.009152392854517386, "security": 0.008803205175328972, "privacy": 0.00814158641476145, "bit": 0.007094023377196207, "escrow": 0.006818348893626406}}, "16": {"words": {"power": 0.00932552591628714, "wire": 0.007438733463456951, "ground": 0.006397744523964433, "circuit": 0.006224246367382347, "water": 0.005877250054218174, "keyboard": 0.00494469746258946, "work": 0.004879635653871178, "radar": 0.0047928865755801344, "signal": 0.004749512036434613, "detector": 0.004532639340707005}}, "17": {"words": {"armenian": 0.016842444247645118, "israel": 0.015409387327912406, "israeli": 0.013444972224458578, "turkish": 0.011738185331293777, "jew": 0.011722083568150712, "arab": 0.008711053860397713, "war": 0.0066661299412285645, "turk": 0.006134771757507447, "greek": 0.0059093470735045485, "armenia": 0.005861041784075356}}, "18": {"words": {"gun": 0.030751308271232826, "law": 0.014238428965032638, "state": 0.011057896780635736, "weapon": 0.009966900275522847, "government": 0.009005344033728435, "firearm": 0.008654006176149706, "crime": 0.008432108581889457, "control": 0.006712402226372529, "police": 0.005861794781708242, "drug": 0.0055659313226945764}}, "19": {"words": {"child": 0.008177481638525025, "day": 0.007779965169985614, "woman": 0.007060649655485727, "fbi": 0.006170969940183236, "fire": 0.005905958961156962, "armenian": 0.005584159915196486, "started": 0.004959491178920269, "told": 0.004618762777315061, "building": 0.004486257287801923, "koresh": 0.004486257287801923}}}