{"0": {"words": {"brexit": 0.0025746459141373634, "deal": 0.0022695076186209917, "parliament": 0.002200391609221697, "mp": 0.002130265347659588, "party": 0.002075767144560814, "irish": 0.0020500693935900927, "vote": 0.002005233895033598, "johnson": 0.0019390747183933854, "britain": 0.0018930998630821705, "leader": 0.0018817438976839185}}, "1": {"words": {"patient": 0.0020452309399843216, "cancer": 0.0020324394572526217, "nthis": 0.0019961181096732616, "com": 0.001983411144465208, "technology": 0.001978248357772827, "solution": 0.0019662680570036173, "www": 0.0019467489328235388, "release": 0.0019431615946814418, "business": 0.0019021442858502269, "businesswire": 0.0018835244700312614}}, "2": {"words": {"word": 0.003598890034481883, "wrap": 0.003288877662271261, "moved": 0.002990705892443657, "picture": 0.002881061052903533, "politics": 0.0028589412104338408, "focus": 0.002788238227367401, "gmt": 0.002685410901904106, "asian": 0.0025864290073513985, "graphic": 0.0025704624131321907, "map": 0.0023361837957054377}}, "3": {"words": {"tripoli": 0.0021366379223763943, "modi": 0.0020163655281066895, "shiite": 0.0019215118372812867, "attack": 0.0018393320497125387, "killed": 0.00183817557990551, "sri": 0.0017853003228083253, "yemen": 0.001769604510627687, "haftar": 0.0017642758321017027, "violence": 0.0017484702402725816, "security": 0.0017229494405910373}}, "4": {"words": {"video": 0.0030276328325271606, "asian": 0.0028332099318504333, "edit": 0.0026593548245728016, "picture": 0.002658579731360078, "america": 0.0026205910835415125, "live": 0.0025821630842983723, "north": 0.0024038036353886127, "gmt": 0.0023929558228701353, "saharan": 0.0023083165287971497, "tba": 0.0020989091135561466}}, "5": {"words": {"max": 0.002492204774171114, "airline": 0.002439926378428936, "plane": 0.002397115109488368, "aircraft": 0.0021206378005445004, "crash": 0.0021114994306117296, "asian": 0.0021015703678131104, "boeing": 0.0020620173308998346, "satellite": 0.0020190661307424307, "air": 0.0020010145381093025, "owner": 0.0019860134925693274}}, "6": {"words": {"asian": 0.0025363347958773375, "league": 0.002351157832890749, "scored": 0.002206688281148672, "liverpool": 0.0021184394136071205, "champion": 0.002086319262161851, "player": 0.002011088188737631, "club": 0.0019925469532608986, "football": 0.001989128300920129, "goal": 0.0019785177428275347, "minute": 0.001975636463612318}}, "7": {"words": {"asian": 0.0034503384958952665, "percent": 0.0026249289512634277, "yen": 0.0025408021174371243, "trade": 0.002397694392129779, "dollar": 0.0022377639543265104, "china": 0.002213144674897194, "tariff": 0.0021189963445067406, "noil": 0.002087023574858904, "dow": 0.0020831269212067127, "market": 0.0020744598004966974}}, "8": {"words": {"guilty": 0.0021832010243088007, "ghosn": 0.00214678724296391, "prosecutor": 0.002104374347254634, "athlete": 0.0020282098557800055, "asian": 0.0019931530114263296, "conspiracy": 0.00192271638661623, "investigator": 0.0019181775860488415, "court": 0.001905709272250533, "doping": 0.0018933266401290894, "case": 0.001886151498183608}}, "9": {"words": {"asian": 0.00229948153719306, "people": 0.002160624135285616, "shelter": 0.00204865843988955, "rescue": 0.0019388148793950677, "boat": 0.0018740217201411724, "said": 0.0018633438739925623, "island": 0.0018116022692993283, "blaze": 0.0018098264699801803, "disaster": 0.0018033089581876993, "police": 0.0017883909167721868}}, "10": {"words": {"film": 0.002240217523649335, "asian": 0.002203361364081502, "movie": 0.0021616886369884014, "actor": 0.0021595617290586233, "culture": 0.0019185891142114997, "style": 0.0018883065786212683, "rock": 0.0018714913167059422, "young": 0.0018422985449433327, "love": 0.0018260431243106723, "famous": 0.0017825408140197396}}, "11": {"words": {"biden": 0.002491206396371126, "liberal": 0.0022434121929109097, "obama": 0.002086866181343794, "netanyahu": 0.0020187064073979855, "progressive": 0.0019935579039156437, "democrat": 0.001978909596800804, "republican": 0.001976047409698367, "asian": 0.0019685488659888506, "candidate": 0.0019607730209827423, "warren": 0.001878060749731958}}, "12": {"words": {"guaido": 0.002381850965321064, "maduro": 0.0022494224831461906, "asian": 0.002247415017336607, "venezuela": 0.002047514310106635, "mueller": 0.0019186538411304355, "interim": 0.0018966654315590858, "morale": 0.0018811136251315475, "asylum": 0.001793555449694395, "trump": 0.0017822887748479843, "chinese": 0.0017819703789427876}}, "13": {"words": {"bashir": 0.002408908447250724, "kim": 0.002214776584878564, "sudan": 0.0021540140733122826, "sit": 0.002019751351326704, "khartoum": 0.0019795631524175406, "protester": 0.0019651332404464483, "korea": 0.0019235400250181556, "crackdown": 0.0018313691252842546, "protest": 0.0017740661278367043, "north": 0.0017734103603288531}}, "14": {"words": {"syria": 0.0025123299565166235, "iranian": 0.0022101313807070255, "israeli": 0.0021764361299574375, "idlib": 0.0021419906988739967, "iran": 0.002123910468071699, "gaza": 0.002103787148371339, "afghan": 0.00206518592312932, "force": 0.002050453796982765, "tehran": 0.002035490470007062, "turkish": 0.002033476484939456}}, "15": {"words": {"asian": 0.0022644191049039364, "match": 0.002252017380669713, "wicket": 0.002108074491843581, "cup": 0.002020224230363965, "seed": 0.001991072203963995, "round": 0.0019668929744511843, "second": 0.0019545583054423332, "ranked": 0.0019378348952159286, "federer": 0.0018640123307704926, "title": 0.0018589104292914271}}, "16": {"words": {"asian": 0.002353651449084282, "tariff": 0.0022726317401975393, "trade": 0.002227019052952528, "rate": 0.002189071848988533, "percent": 0.0020216426346451044, "fed": 0.0018809589091688395, "economist": 0.0018703287933021784, "bank": 0.0018701301887631416, "china": 0.0018433050718158484, "billion": 0.0018257996998727322}}}