{"0": {"words": {"key": 0.008499886840581894, "encryption": 0.0071605173870921135, "clipper": 0.006998330820351839, "security": 0.0066332160495221615, "message": 0.00588257284834981, "escrow": 0.005869680549949408, "pgp": 0.005861242301762104, "block": 0.005839852150529623, "chip": 0.005547603592276573, "secret": 0.005520598962903023}}, "1": {"words": {"gun": 0.006265677511692047, "law": 0.006006536073982716, "weapon": 0.005902543663978577, "police": 0.005195326171815395, "government": 0.005185715388506651, "crime": 0.0051304991357028484, "firearm": 0.004984480328857899, "drug": 0.004887155722826719, "criminal": 0.004746975842863321, "car": 0.004685593768954277}}, "2": {"words": {"god": 0.005828675348311663, "atheism": 0.005597100593149662, "argument": 0.005429334007203579, "atheist": 0.005357196554541588, "car": 0.005252188071608543, "moral": 0.004943118896335363, "science": 0.004938001744449139, "definition": 0.004835896659642458, "morality": 0.004801714327186346, "objective": 0.004748988896608353}}, "3": {"words": {"president": 0.00726301921531558, "tax": 0.006152725778520107, "car": 0.005627987440675497, "program": 0.005575653165578842, "billion": 0.005534157156944275, "money": 0.005195173900574446, "government": 0.005168595351278782, "clinton": 0.005057613831013441, "know": 0.005054540932178497, "stephanopoulos": 0.00486295809969306}}, "4": {"words": {"space": 0.008295305073261261, "launch": 0.008034520782530308, "orbit": 0.007461686618626118, "satellite": 0.0071763284504413605, "car": 0.006873979698866606, "moon": 0.006343815941363573, "base": 0.005971865262836218, "earth": 0.0057836235500872135, "nasa": 0.005416909698396921, "near": 0.005392812192440033}}, "5": {"words": {"god": 0.0072911521419882774, "christian": 0.0062806145288050175, "bible": 0.005879557691514492, "jesus": 0.005823574028909206, "paul": 0.005577058531343937, "shall": 0.005281873047351837, "church": 0.005177169572561979, "faith": 0.0050375135615468025, "one": 0.00503625487908721, "catholic": 0.0049440390430390835}}, "6": {"words": {"file": 0.0052768634632229805, "image": 0.004929205868393183, "program": 0.004876257386058569, "pub": 0.00471237488090992, "ftp": 0.004583477973937988, "car": 0.004516788758337498, "version": 0.004510162398219109, "information": 0.004495410248637199, "anonymous": 0.0044340225867927074, "also": 0.004350070375949144}}, "7": {"words": {"doctor": 0.007383453659713268, "msg": 0.006051757372915745, "food": 0.005861658602952957, "drug": 0.005551510956138372, "patient": 0.00528002018108964, "common": 0.0052675348706543446, "aid": 0.005186859518289566, "disease": 0.00506772194057703, "case": 0.005049538798630238, "cause": 0.00490440521389246}}, "8": {"words": {"car": 0.009880571626126766, "water": 0.006146891042590141, "bike": 0.005785414949059486, "ground": 0.0050794221460819244, "take": 0.004907059948891401, "wire": 0.004892211873084307, "amp": 0.0048839314840734005, "motorcycle": 0.004826642107218504, "dod": 0.0047121369279921055, "engine": 0.004518463276326656}}, "9": {"words": {"player": 0.0070037078112363815, "team": 0.006230120547115803, "season": 0.006006462965160608, "game": 0.005863565485924482, "win": 0.004679435398429632, "goal": 0.004646352957934141, "red": 0.004645196720957756, "hit": 0.00440105888992548, "pick": 0.004331998061388731, "fan": 0.004223935771733522}}, "10": {"words": {"visual": 0.005803757347166538, "file": 0.005729516036808491, "error": 0.005574975628405809, "window": 0.005513486918061972, "text": 0.005419270601123571, "event": 0.0052885627374053, "font": 0.005255020223557949, "output": 0.005233509466052055, "string": 0.004980634432286024, "com": 0.004977392964065075}}, "11": {"words": {"max": 0.019505001604557037, "bhj": 0.009026995860040188, "car": 0.008503946475684643, "gay": 0.008376477286219597, "tire": 0.0076804207637906075, "homosexual": 0.007571602240204811, "giz": 0.007400186266750097, "front": 0.007375502958893776, "chz": 0.007287263870239258, "rear": 0.006847269833087921}}, "12": {"words": {"car": 0.007459299173206091, "went": 0.005701817572116852, "fire": 0.005124484654515982, "came": 0.004783321171998978, "hand": 0.004452732857316732, "took": 0.004344155080616474, "said": 0.004308502189815044, "say": 0.004281094763427973, "heard": 0.004264680203050375, "never": 0.004259964916855097}}, "13": {"words": {"israel": 0.011079381220042706, "israeli": 0.009845849126577377, "arab": 0.007188504561781883, "palestinian": 0.006524083204567432, "peace": 0.006359729450196028, "car": 0.006340665277093649, "jew": 0.006161724217236042, "jewish": 0.00574609125033021, "bank": 0.005675957538187504, "friend": 0.005153321661055088}}, "14": {"words": {"scsi": 0.007457791827619076, "drive": 0.007012692745774984, "card": 0.006117845885455608, "port": 0.005928685422986746, "cpu": 0.005651575047522783, "monitor": 0.005382109899073839, "video": 0.0053425137884914875, "ide": 0.005227146204560995, "bit": 0.0051835379563272, "mode": 0.005182401277124882}}, "15": {"words": {"monitor": 0.007217013277113438, "keyboard": 0.006624389905482531, "car": 0.006593967322260141, "microsoft": 0.006146067753434181, "apr": 0.005925888195633888, "window": 0.005712933838367462, "shipping": 0.005649762228131294, "sell": 0.00563993351534009, "file": 0.0056188334710896015, "apple": 0.005446394439786673}}, "16": {"words": {"washington": 0.007537351921200752, "car": 0.007450725417584181, "york": 0.007337944116443396, "san": 0.007212711498141289, "hockey": 0.006945399567484856, "new": 0.006547464989125729, "team": 0.00626807427033782, "los": 0.006026069168001413, "devil": 0.005864411126822233, "mike": 0.005787497386336327}}, "17": {"words": {"god": 0.006177736911922693, "jesus": 0.005544000770896673, "religion": 0.005406760144978762, "men": 0.005206031259149313, "matthew": 0.004915603902190924, "word": 0.004852003883570433, "woman": 0.00467728590592742, "war": 0.0043599423952400684, "lie": 0.004282224457710981, "passage": 0.004193502012640238}}, "18": {"words": {"car": 0.009907246567308903, "gun": 0.007107315119355917, "dog": 0.0070310793817043304, "getting": 0.006448536645621061, "dave": 0.0058649866841733456, "besides": 0.005387810990214348, "feel": 0.005335691850632429, "driver": 0.005311318673193455, "side": 0.0052115218713879585, "ever": 0.005158387124538422}}, "19": {"words": {"armenian": 0.0072306059300899506, "turkish": 0.006838707253336906, "greek": 0.006197445094585419, "war": 0.006149893160909414, "nazi": 0.006082774605602026, "armenia": 0.005859977565705776, "member": 0.005192045122385025, "force": 0.00514428922906518, "turkey": 0.004926066845655441, "people": 0.004922442138195038}}}